arquivo,artista_ou_personalidade,marca_ou_veiculo,publicacao_origem
da7e06e3d75a2da9.jpg,Kaka,GQ Brasil,https://www.instagram.com/thiagobiagi/p/DYFSITtDuPU/
cb3f0150dad4fed9.jpg,Kaka,GQ Brasil,https://www.instagram.com/thiagobiagi/p/DYFSITtDuPU/
5eaa6216b8462a27.jpg,Wagner Moura,Dior / GQ Brasil,https://www.instagram.com/thiagobiagi/p/DRevkVQjt6l/
d8e9b6736454d738.jpg,Chay Suede,Gucci / GQ Brasil,https://www.instagram.com/thiagobiagi/p/DG3qc0zykOg/
766f52166fe8bfd4.jpg,Chay Suede,Salustiano Brasil,https://www.instagram.com/thiagobiagi/p/Dct_-a4FveK/
073fd129af8ee36b.jpg,Chay Suede,Salustiano Brasil,https://www.instagram.com/thiagobiagi/p/Dct_-a4FveK/
62489b8297fe4dd6.jpg,Joao Vicente de Castro,Dries Van Noten / Omega,https://www.instagram.com/thiagobiagi/p/DcrqMS_DpU0/
1ca8fac648af7040.jpg,Joao Vicente de Castro,Dries Van Noten / Omega,https://www.instagram.com/thiagobiagi/p/DcrqMS_DpU0/
213d3d37f25e5aaa.jpg,Tiago Moura,Saint Laurent,https://www.instagram.com/thiagobiagi/p/DcY8uHfjvfm/
aa2987ebd8182c59.jpg,Tiago Moura,Saint Laurent,https://www.instagram.com/thiagobiagi/p/DcY8uHfjvfm/
6c4ba3871b66e636.jpg,Chay Suede,Hermes / Prada,https://www.instagram.com/thiagobiagi/p/Db_cJNJlq5u/
481cd27ea5e66337.jpg,Chay Suede,Prada,https://www.instagram.com/thiagobiagi/p/Db_cJNJlq5u/
27b9bf3329fc420a.jpg,Joao Guilherme,Brioni / Cartier / Zerezes / Corrida dos Bichos / Prime Video,https://www.instagram.com/thiagobiagi/p/DbboPrpls1V/
92d9d8ad5cb71bce.jpg,Joao Guilherme,Brioni / Cartier / Zerezes / Corrida dos Bichos / Prime Video,https://www.instagram.com/thiagobiagi/p/DbboPrpls1V/
bf5d39b8231322e1.jpg,Editorial masculino,Gucci / Adidas / GQ Brasil,https://www.instagram.com/thiagobiagi/p/DYo9UZ9DtvW/
d40c5d7e3b4b0d42.jpg,Editorial masculino,Gucci / Adidas / GQ Brasil,https://www.instagram.com/thiagobiagi/p/DYo9UZ9DtvW/
53616e2e3e965565.jpg,Pedro Novaes,Dior / Bazaar Brasil,https://www.instagram.com/thiagobiagi/p/DYR14jrDpyG/
0bd58c4134293eae.jpg,Pedro Novaes,Dior / Bazaar Brasil,https://www.instagram.com/thiagobiagi/p/DYR14jrDpyG/
fea41f8459ff9a8c.jpg,Pedro Novaes,Dolce & Gabbana / Montblanc / Bazaar Brasil,https://www.instagram.com/thiagobiagi/p/DXsB99pjn-a/
5977afc6fd81db72.jpg,Editorial GQ Brasil,Jacquemus / Ricardo Almeida,https://www.instagram.com/thiagobiagi/p/DRxgP3EkVBp/
2a2144588f632ba9.jpg,Editorial GQ Brasil,Jacquemus / Ricardo Almeida,https://www.instagram.com/thiagobiagi/p/DRxgP3EkVBp/
6f30a262a20a0977.jpg,Borsoi,Prada,https://www.instagram.com/thiagobiagi/p/DXttemajiqq/
37f449e9aa9d7c20.jpg,Borsoi,Prada,https://www.instagram.com/thiagobiagi/p/DXttemajiqq/
35ce96216533eca3.jpg,Joao Guilherme,Gucci,https://www.instagram.com/thiagobiagi/p/DXLC3aDjhLI/
406a1c54bc4a0675.jpg,Joao Guilherme,Gucci,https://www.instagram.com/thiagobiagi/p/DXLC3aDjhLI/
d250b80a772a45e0.jpg,Pedro Bial,Giorgio Armani / Golden Globes,https://www.instagram.com/thiagobiagi/p/DWEUoHfDtNs/
cff78e520af4dda9.jpg,Pedro Bial,Giorgio Armani / Golden Globes,https://www.instagram.com/thiagobiagi/p/DWEUoHfDtNs/
a2c10c08d66922e7.jpg,Rodrigo Santoro,Zegna / Wimbledon,https://www.instagram.com/thiagobiagi/p/DMSz7NZOG1j/
f3813349792c8224.jpg,Rodrigo Santoro,Zegna / Wimbledon,https://www.instagram.com/thiagobiagi/p/DMSz7NZOG1j/
4f30dd901b291db3.jpg,Editorial masculino,Burberry,https://www.instagram.com/thiagobiagi/p/DWPz8KRjl55/
cd8f95d403f5c02c.jpg,Editorial masculino,Burberry,https://www.instagram.com/thiagobiagi/p/DWPz8KRjl55/
08ee55f1a729bc32.jpg,Joao Guilherme,Dolce & Gabbana,https://www.instagram.com/thiagobiagi/p/DWFIiRLjtbo/
7b30e17f3d6be2d5.jpg,Joao Guilherme,Dolce & Gabbana,https://www.instagram.com/thiagobiagi/p/DWFIiRLjtbo/
21d2db59abc2764b.jpg,Borsoi,Dior,https://www.instagram.com/thiagobiagi/p/DZ-lU2Ykb2y/
b1ca2e6e6c2cb2c8.jpg,Borsoi,Dior,https://www.instagram.com/thiagobiagi/p/DZ-lU2Ykb2y/
a4c7ebc2400eb764.jpg,Julio Reis,Dior,https://www.instagram.com/thiagobiagi/p/DaFoxHzDgcW/
7104e2ecbc9bd6c8.jpg,Julio Reis,Dior,https://www.instagram.com/thiagobiagi/p/DaFoxHzDgcW/
b45fe32bccb5d455.jpg,Editorial de joalheria,Cartier / Frattina,https://www.instagram.com/thiagobiagi/p/DWfIzTMDjzb/
29bd5fd4354b77b3.jpg,Editorial de joalheria,Cartier / Frattina,https://www.instagram.com/thiagobiagi/p/DWfIzTMDjzb/
b3faa702d88d6dc0.jpg,Arthur Paek,Dior / Vogue Brasil,https://www.instagram.com/thiagobiagi/p/DUg5UDnDraq/
eafc1ef0c44d96e8.jpg,Arthur Paek,Dior / Vogue Brasil,https://www.instagram.com/thiagobiagi/p/DUg5UDnDraq/
04a9cfdd820ffffa.jpg,Editorial masculino,Saint Laurent,https://www.instagram.com/thiagobiagi/p/DT_i5pODuzL/
8391c3b0b4c553fc.jpg,Editorial masculino,Saint Laurent,https://www.instagram.com/thiagobiagi/p/DT_i5pODuzL/
f44fb2b8bd6888af.jpg,Editorial masculino,Giorgio Armani,https://www.instagram.com/thiagobiagi/p/DTuqofwDq53/
d711845a93cde413.jpg,Editorial masculino,Giorgio Armani,https://www.instagram.com/thiagobiagi/p/DTuqofwDq53/
eb4d9d3f3c52cefd.jpg,Joao Guilherme,Gucci,https://www.instagram.com/thiagobiagi/p/DV9tVvcDtGH/
e957a89b99bd325b.jpg,Editorial masculino,Dior,https://www.instagram.com/thiagobiagi/p/DUOE-I1ju0S/
b886fb5767701090.jpg,Editorial masculino,Dior,https://www.instagram.com/thiagobiagi/p/DUOE-I1ju0S/
8ee6cc0bdbd72eed.jpg,Editorial masculino,GQ Brasil,https://www.instagram.com/thiagobiagi/p/DUy5hwpDheB/
38d9298dfc17e1b0.jpg,Editorial masculino,GQ Brasil,https://www.instagram.com/thiagobiagi/p/DUy5hwpDheB/
59e2c20fa37f7191.jpg,Chay Suede,Salustiano Brasil,https://www.instagram.com/thiagobiagi/p/Db_cJNJlq5u/
fe00f5ee9715de5b.jpg,Chay Suede,Salustiano Brasil,https://www.instagram.com/thiagobiagi/p/Db_cJNJlq5u/
bfe4a1cf728bf5e6.jpg,Chay Suede,Brioni / Giorgio Armani,https://www.instagram.com/thiagobiagi/p/Db_cJNJlq5u/
c4603d6eb1566238.jpg,Chay Suede,Brioni,https://www.instagram.com/thiagobiagi/p/Db_cJNJlq5u/
228e9c185f3d8189.jpg,Chay Suede,Salustiano Brasil,https://www.instagram.com/thiagobiagi/p/Db_cJNJlq5u/
1a71dde036b08a50.jpg,Chay Suede,Officine Creative / Salustiano Brasil,https://www.instagram.com/thiagobiagi/p/Db_cJNJlq5u/
